Name,Fulladdress,Email,Categories,Phones,Latitude,Longitude
parkir pemkab jembrana,"JJVQ+C69, Dauhwaru, Kec. Jembrana, Kabupaten Jembrana, Bali 82218",,parkiran,,"-8,3564626","114,6381055"
"Parkiran Sirkuit Makepung Mertasari, Jembrana Bali","JJGG+WWF, Banjar Mertasari, Loloan Tim., Kec. Jembrana, Kabupaten Jembrana, Bali 82218",,parkiran,,"-8,3726809","114,6272932"
Parkir truk cargo negara,"MJ34+3GR, Jl. Desa Kaliakah, Kaliakah, Kec. Negara, Kabupaten Jembrana, Bali 82212",,parkiran,,"-8,3472602","114,6062589"
Parkir bus,"93MQ+FCG, Jl. Tanah Lot, Beraban, Kec. Kediri, Kabupaten Tabanan, Bali 82121",,parkiran,,"-8,6163238","115,0885714"
Tempat Parkir Museum Subak Sasana Budaya Sanggulan,"F44Q+FQ3, Banjar Anyar, Kec. Kediri, Kabupaten Tabanan, Bali 82121",,parkiran,,"-8,5438583","115,1394311"
Parkir timur pura tanah lot,"93JQ+V4Q, Unnamed Road, Beraban, Kec. Qswswa12wwawawaKediri, Tabanan Regency, Bali 82121",,parkiran,,"-8,6177875","115,0878594"
Parkiran,"G25X+357, Bantas, Kec. Selemadeg Tim., Kabupaten Tabanan, Bali 82162",,parkiran,,"-8,4929781","115,0478471"
Tempat Parkir Transit Dalam Kota Tabanan,"Jl. Gunung Semeru Baturiti No.5, Delod Peken, Kec. Tabanan, Kabupaten Tabanan, Bali 82121",,parkiran,,"-8,5387782","115,12683"
Parkiran Bus Pariwisata,"P5F7+JQV, Jl. Raya Bedugul, Candikuning, Kec. Baturiti, Kabupaten Tabanan, Bali 82191",,parkiran,,"-8,2760446","115,1644977"
Central Parkir Soka Indah Rest Area,"Jl. Raya Denpasar - Gilimanuk No.2, Antap, Kec. Selemadeg, Kabupaten Tabanan, Bali 82162",,parkiran,,"-8,5285969","114,9968526"
Parkiran Ria,"Jl. Gatot Subroto II No.16, Banjar Anyar, Kec. Kediri, Kabupaten Tabanan, Bali 82121",,parkiran,,"-8,5474081","115,1374389"
Parkiran Perancak,"84PP+XR4, Jl. Pemelisan Agung, Tibubeneng, Kec. Kuta Utara, Kabupaten Badung, Bali 80361",,parkiran,995577,"-8,6626244","115,1370775"
Sentral Parkir Canggu,"84XM+8CC, Jl. Pantai Batu Mejan, Canggu, Kec. Kuta Utara, Kabupaten Badung, Bali 80351",,parkiran,,"-8,6516943","115,1335192"
Parkiran truk,"Jl. Raya Mambal No.5, Mekar Bhuwana, Kec. Abiansemal, Kabupaten Badung, Bali 80352",,parkiran,,"-8,5508968","115,2245886"
Parking,"Jl. Raya Legian No.66, Kuta, Kec. Kuta, Kabupaten Badung, Bali 80361",,parkiran,,"-8,717541","115,1741288"
Parkiran ekspedisi,"Jl. Raya Mambal No.5, Mekar Bhuwana, Kec. Abiansemal, Kabupaten Badung, Bali 80352",,parkiran,,"-8,5508949","115,2245574"
Parkiran Mobil Latu,"Jl. G Semeru Gg. 2 No.a5, Abiansemal, Kec. Abiansemal, Kabupaten Badung, Bali 80352",,parkiran,,"-8,5421942","115,2128234"
Parkir,"75P9+C4F, Jl. Pantai Kuta, Kuta, Kec Tuban, Tuban, Bali 80361",,parkiran,,"-8,7139332","115,1677942"
Parkiran Padang Tegal,"Jl. Padang Tegal III No.5, Dalung, Kec. Kuta Utara, Kabupaten Badung, Bali 80361",,parkiran,,"-8,6206291","115,1709416"
Disewakan Parkiran Wana Asri Abianbase,"Jl. Raya Abianbase perumahan wana asri No.mor 74, Abianbase, Kec. Mengwi, Kabupaten Badung, Bali 80351",,parkiran,0859-4296-8217,"-8,5985762","115,1719954"
Parkiran sayyidi,"Jl. Tanah Barak No.7B, Canggu, Kec. Kuta Utara, Kabupaten Badung, Bali 80351",,parkiran,,"-8,6504885","115,1339414"
Sentra Parkir Monkey Forest Ubud,"Monkey Forest Cental Parking, Ubud, Gianyar Regency, Bali 80571",,parkiran,(0361) 971304,"-8,5194041","115,2606926"
Parkir Umum Ubud,"Jl. Suweta No.18, Ubud, Kecamatan Ubud, Kabupaten Gianyar, Bali 80571",,parkiran,,"-8,5028689","115,263779"
Parkir bebek bengil,"F7M7+5M5, Ubud, Kecamatan Ubud, Kabupaten Gianyar, Bali 80571",,parkiran,,"-8,5171078","115,2642447"
Parkiran mobil,"F7V4+PRR, Ubud, Kecamatan Ubud, Kabupaten Gianyar, Bali 80571",,parkiran,,"-8,5056344","115,2570205"
Parking Building Monkey Forest Ubud,"F7H6+956, Ubud, Kecamatan Ubud, Kabupaten Gianyar, Bali 80571",,parkiran,(0361) 971304,"-8,5215954","115,2604061"
Parkiran Penglukatan Sebatu,"J72W+28X, Sebatu, Kec. Tegallalang, Kabupaten Gianyar, Bali 80561",,parkiran,,"-8,3998925","115,2958693"
Lapangan Parkir Ubud,"F7V6+7X5, Ubud, Kecamatan Ubud, Kabupaten Gianyar, Bali 80571",,parkiran,,"-8,5102713","115,2616027"
Parkiran BIMC Ubud,"Jl. Raya Lungsiakan No.101b, Kedewatan, Kecamatan Ubud, Kabupaten Gianyar, Bali 80561",,parkiran,,"-8,4869319","115,2530652"
Lapangan Astina Ubud,"F7Q6+XGH, Ubud, Kecamatan Ubud, Kabupaten Gianyar, Bali 80571",,parkiran,,"-8,5100561","115,2613727"
Car parked,"Jl. Monkey Forest No.16, Ubud, Kecamatan Ubud, Kabupaten Gianyar, Bali 80571",,parkiran,,"-8,5105873","115,2615915"
Parkiran pak taya,"Jl. Mpu Tantular No.46, Kedewatan, Kecamatan Ubud, Kabupaten Gianyar, Bali 80571",,parkiran,,"-8,4853831","115,249158"
Parkir mobil Diamond dan Atuh,"6JG9+3P9, Pejukutan, Kec. Nusa Penida, Kabupaten Klungkung, Bali 80771",,parkiran,,"-8,7748463","115,6193511"
Parkiran perahu nelayan,"8HF9+PMV, Batununggul, Kec. Nusa Penida, Kabupaten Klungkung, Bali 80771",,parkiran,,"-8,6756834","115,5691955"
Parkir Sissi Heritage,"FC83+4C9, Semarapura Tengah, Kec. Klungkung, Kabupaten Klungkung, Bali 80761",,parkiran,,"-8,5346831","115,4036267"
parkiran xpedisy buah,"Q8VH+2P4, Sukawana, Kec. Kintamani, Kabupaten Bangli, Bali 80652",,parkiran,,"-8,2078553","115,3294801"
Parkiran ke3,"M7JW+954, Banjar, Katung, Kec. Kintamani, Kabupaten Bangli, Bali 80572",,parkiran,,"-8,3191133","115,2954683"
parkir lama tour batur,"Q92X+328, Jl. Pendakian Gn. Batur, Batur Tengah, Kec. Kintamani, Kabupaten Bangli, Bali 80652",,parkiran,,"-8,2498267","115,3975833"
Parkir Air Terjun Kuning,"G954+6VW, Taman Bali, Kec. Bangli, Kabupaten Bangli, Bali 80752",,parkiran,,"-8,491892","115,3572073"
Parkiran Jempana Camp,"QC86+86M, Songan A, Kec. Kintamani, Kabupaten Bangli, Bali",,parkiran,,"-8,2334956","115,4109153"
Lake hill view Parking,"QC32+RQ6, Songan A, Kec. Kintamani, Kabupaten Bangli, Bali 80652",,parkiran,,"-8,2454592","115,4018984"
Pos Tiket Parkiran III,"H9H5+WJF, Kubu, Kec. Bangli, Kabupaten Bangli, Bali 80661",,parkiran,,"-8,4201783","115,3590046"
Parkir Atas,"JCGX+48C, Besakih, Kec. Rendang, Kabupaten Karangasem, Bali 80863",,parkiran,,"-8,3746924","115,4482777"
TERMINAL AREA PARKIR MANIK MAS,"JCCW+4FJ, Besakih, Kec. Rendang, Kabupaten Karangasem, Bali 80863",,parkiran,,"-8,3796565","115,4461451"
Area Parkir Pura Besakih,"JCCW+6GC, Pempatan, Kec. Rendang, Kabupaten Karangasem, Bali 80863",,parkiran,,"-8,3794301","115,4462739"
Parkiran pura besakih,"JFF3+9JX, Besakih, Kec. Rendang, Kabupaten Karangasem, Bali 80863",,parkiran,0813-3968-4780,"-8,376515","115,4541059"
Gedung parkir Manik Mas,"JC9W+VHX, Jalan Gunung Agung, Besakih, Kec. Rendang, Kabupaten Karangasem, Bali 80863",,parkiran,,"-8,3802732","115,4464713"
Parkiran Pura Lempuyang (Lempuyang Temple Parking Lot),"JJ59+4Q9, Tri Buana, Kec. Abang, Kabupaten Karangasem, Bali 80852",,parkiran,,"-8,3921335","115,6195529"
Parkiran Pura Lingga Yoni,"GJMJ+XVP, Jl. Karangasem - Seraya, Tumbu, Kec. Karangasem, Kabupaten Karangasem, Bali 80811",,parkiran,,"-8,4650498","115,6321999"
Parkir mobil,"FFMQ+8QX Jalan Pura Andakasa, Kelod, Antiga, Kec. Manggis, Kabupaten Karangasem, Bali 80871",,parkiran,,"-8,5166337","115,4895801"
Parkir pura Besakih ᬧᬃᬓᬶᬃ ᬧᬸᬭ ᬩᬾᬲᬓᬶᬄ,"JCCW+3PG, Jl. Raya Besakih, Besakih, Kec. Rendang, Kabupaten Karangasem, Bali 80863",,parkiran,0819-5396-3016,"-8,3800267","115,446416"
Parkiran Pura Lempuyang Madia,"JJ3Q+8HX, Bukit, Kec. Karangasem, Kabupaten Karangasem, Bali 80852",,parkiran,,"-8,3966283","115,639015"
Kasyara : Parkir Sepeda Motor dan Mobil,"Jl. Bukit Catu Subagan, Subagan, Kec. Karangasem, Kabupaten Karangasem, Bali 80811",,parkiran,0852-3704-3512,"-8,4525361","115,5989874"
Parkiran shuttle lahahangan swett,"JJ79+227, Tri Buana, Kec. Abang, Kabupaten Karangasem, Bali 80852",,parkiran,,"-8,3863767","115,6181867"
Parkplatz,"FG95+MHP, Padangbai, Kec. Manggis, Kabupaten Karangasem, Bali 80871",,parkiran,,"-8,5307981","115,5089669"
Padang Bai Parking (Snapparking),"FGC5+38G, Padangbai, Kec. Manggis, Kabupaten Karangasem, Bali 80871",,parkiran,0822-6726-8864,"-8,5298189","115,5083303"
Central Parking,"FGC5+4G9, Padangbai, Kec. Manggis, Kabupaten Karangasem, Bali 80871",,parkiran,,"-8,5297012","115,508862"
GDP2,"JCCV+4H8, Jl. Raya Menanga, Besakih, Kec. Rendang, Kabupaten Karangasem, Bali 80863",,parkiran,,"-8,3797186","115,44394"
Pasar Agung Besakih Temple Parking Lot,"JGH3+P5P, Jl. Ps. Agung, Sebudi, Kec. Selat, Kabupaten Karangasem, Bali 80853",,parkiran,+852 3721 1372,"-8,3706532","115,5029446"
Proyek Gedung Parkir Manik Mas,"JCGX+2WR, Besakih, Kec. Rendang, Kabupaten Karangasem, Bali 80863",,parkiran,,"-8,3748999","115,4497676"
Parkir PP,"V3H8+C3P, Jl. Pura Segara Penimbangan, Baktiseraga, Kec. Buleleng, Kabupaten Buleleng, Bali 81119",,parkiran,,"-8,1214248","115,0651963"
Parkiran Sai Shiva Punya Pavitram Pendakian Gunung Sanghyang (Jalur Baru),"Jalan Prashanthi Nilayam, Zona Parkiran Sai Shiva Punya Pavitram, Mangku Sorga Gesing Haus land zone, Tiyingtali Sanghyang M3VM+MXH Desa Gesing, Dusun Waru, Gesing, Kec. Banjar, Kabupaten Buleleng, Bali 81152",,parkiran,0878-9766-9109,"-8,3057793","115,0850109"
Parkiran Pendakian Gunung Sanghyang,"P34W+2V, Gesing, Kec. Banjar, Kabupaten Buleleng, Bali 81152",,parkiran,0878-6567-9869,"-8,2948882","115,0971438"
Gitgit Waterfall Parking Area,"Gitgit, Kec. Sukasada, Kabupaten Buleleng, Bali 81161",,parkiran,0877-7254-6517,"-8,1879198","115,1365537"
Parkiran Pura Tirtha Cudhamala,"V44G+F42, Petandakan, Kec. Buleleng, Kabupaten Buleleng, Bali 81161",,parkiran,0877-1193-2901,"-8,1438633","115,1252684"
PD. Parkir Kota Denpasar,"Jl. Raya Puputan Niti Mandala No.188, Sumerta Kelod, Kec. Denpasar Tim., Kota Denpasar, Bali 80239",,parkiran,(0361) 227663,"-8,6736352","115,2400338"
Parkiran Br. Baler Geria,"Jl. Mandalawangi No.79, Pemecutan Klod, Kec. Denpasar Bar., Kota Denpasar, Bali 80112",,parkiran,,"-8,6633208","115,2083854"
Parkiran pak wayan,"85FQ+6JX, Padangsambian, Kec. Denpasar Bar., Kota Denpasar, Bali 80119",,parkiran,,"-8,6768769","115,1891231"
Parkir Timur Lapangan Renon,"86HP+58C, Tim., Kota DenpasarDenpasar Sel.,, Jl. Juanda Karta Wijaya, Sumerta Kelod, Kec. Denpasar Tim., Kota Denpasar, Bali 80234",,parkiran,,"-8,672068","115,2357536"
Parkir Warga Unud,"86H9+83G, Jl. P.B. Sudirman, Dauh Puri Klod, Kec. Denpasar Bar., Kota Denpasar, Bali 80234",,parkiran,,"-8,6716792","115,2177149"
AKARI & AKENG,"Jl. Noja Saraswati No.20-18, Tonja, Kec. Denpasar Utara, Kota Denpasar, Bali 80237",,parkiran,,"-8,6328917","115,2323083"
Sentra Parkir Kuta,"Jl. Raya Kuta No.58e, Kuta, Kec. Kuta, Kabupaten Badung, Bali 80361",,parkiran,(0361) 750972,"-8,7127733","115,1803852"
Parkiran Pak Dodek,"9697+FGP, Peguyangan, Kec. Denpasar Utara, Kota Denpasar, Bali 80233",,parkiran,,"-8,631348","115,2138292"
Parkir Level 21 Mall,"86H7+M95, Dauh Puri Klod, Kec. Denpasar Bar., Kota Denpasar, Bali 80113",,parkiran,,"-8,6708749","115,2134703"
Parkiran PGRI 8,"Jl. Angsoka Cargo Permai No.12, Ubung, Kec. Denpasar Utara, Kota Denpasar, Bali 80111",,parkiran,,"-8,6322345","115,2004267"
Parkiran truk Mahendradatta,"Jl. Mahendradatta No.97, Padangsambian, Kec. Denpasar Bar., Kota Denpasar, Bali 80119",,parkiran,,"-8,6730547","115,1905302"
Parkiran Motor,"9692+38H Smp Pgri 8 Denpasar, Ubung, Kec. Denpasar Utara, Kota Denpasar, Bali 80111",,parkiran,,"-8,6323073","115,2008489"
PARKIRAN PSR,"Gg. V No.45, Pemecutan, Kec. Denpasar Bar., Kota Denpasar, Bali 80111",,parkiran,,"-8,6561757","115,20292"
Parkiran truk haji matt ari,"Jl. Angsoka Cargo Permai I No.1466, Ubung, Kec. Denpasar Utara, Kota Denpasar, Bali 80115, Ubung, Kec. Denpasar Utara, Kota Denpasar, Bali 80116",,parkiran,0877-2330-0749,"-8,6330683","115,1987587"
Basement ISI Denpasar,"Institut Seni Indonesia, Sumerta, Kec. Denpasar Tim., Kota Denpasar, Bali 80236",,parkiran,,"-8,6540261","115,23352"
Tempat Parkir Riau Motor,"86R5+FWC, Jl. Imam Bonjol, Pemecutan Klod, Kec. Denpasar Bar., Kota Denpasar, Bali 80112",,parkiran,0812-3621-6347,"-8,6588034","115,2097633"
Parkiran P1 - GMS Denpasar,"85HR+8XM, Jl. Pura Demak Barat, Tegal Harum, Kec. Denpasar Bar., Kota Denpasar, Bali 80119",,parkiran,,"-8,6716584","115,1924234"
Parkiran truk sragen Genk,"85GV+XMP gg pelangi, Pure Demak, jl, Tegal Harum, Kec. Denpasar Bar., Kota Denpasar, Bali 80119",,parkiran,,"-8,6725373","115,1942012"
parkiran guru,"8687+9XF, Sesetan, Denpasar Selatan, Kota Denpasar, Bali 80114",,parkiran,,"-8,6841768","115,2150154"
Gedung Parkir Universitas Udayana Sudirman,"Jl. Dr. Goris Gg. Teknik III No.10, Dangin Puri Klod, Kec. Denpasar Tim., Kota Denpasar, Bali 80234",,parkiran,,"-8,6731449","115,2193965"
Parkiran truk denpasr,"95HQ+R3R Pasar, Jl. Cargo Permai Jl. Anyar Sari, Ubung Kaja, Kec. Denpasar Utara, Kota Denpasar, Bali 80116",,parkiran,,"-8,6204442","115,1877342"
parkiran,"95HR+9V6, Ubung Kaja, Kec. Denpasar Utara, Kota Denpasar, Bali 80116",,parkiran,,"-8,621581","115,192085"
Parkiran bali,"Jl. Pd. Indah No.9x, Ubung, Kec. Denpasar Utara, Kota Denpasar, Bali 80116",,parkiran,,"-8,6297374","115,195262"
Parkiran Pura Sakenan,"Jl. Tukad Punggawa No.10, Serangan, Denpasar Selatan, Kota Denpasar, Bali 80229",,parkiran,,"-8,7270981","115,2305622"
Parkir,"Jl. Mekar II No.53 blok E, Pemogan, Denpasar Selatan, Kota Denpasar, Bali 80221",,parkiran,,"-8,7100316","115,207636"
Tempat parkir pickup cargo,"859Q+HRG, Jl. Mahendradatta, Padangsambian, Kec. Denpasar Bar., Kota Denpasar, Bali 80119",,parkiran,,"-8,6810613","115,1895636"
Parkiran belakang kantor grab,"Jl. Bung Tomo IA No.29, Pemecutan Kaja, Kec. Denpasar Utara, Kota Denpasar, Bali 80111",,parkiran,0823-5912-3452,"-8,6386064","115,1999609"
Parkir motor,"Jl. Gunung Merapi No.32b, Pemecutan, Kec. Denpasar Bar., Kota Denpasar, Bali 80112",,parkiran,,"-8,6550105","115,2085124"
Parkiran Mahendra,"Jl. Labak V No.27, Tegal Harum, Kec. Denpasar Bar., Kota Denpasar, Bali 80119",,parkiran,,"-8,6732783","115,1913013"
KANTOR PENGELOLA PARKIR SENTRYPARK PARKIRAN IMIGRASI,"Jl. Pulau Nias No.1A, Dauh Puri Klod, Kec. Denpasar Bar., Kota Denpasar, Bali 80114",,parkiran,,"-8,6761084","115,2149047"
Parkiran The Orange Homestay,"8673+W9F, Pedungan, Denpasar Selatan, Kota Denpasar, Bali 80114",,parkiran,,"-8,6851834","115,2034141"
SIM Bali Parkiran,"Padangsambian, Kec. Denpasar Bar., Kota Denpasar, Bali 80117",,parkiran,,"-8,6491593","115,1827455"
Parkiran belakang gedung Dinkes provinsi bali,"86XF+327, Jl. Melati, Dangin Puri Kangin, Kec. Denpasar Utara, Kota Denpasar, Bali 80234",,parkiran,,"-8,6523337","115,2225346"
parkiran mobil,"Jl. Gn. Lebah 4 No.18, Tegal Harum, Kec. Denpasar Bar., Kota Denpasar, Bali 80119",,parkiran,,"-8,6686719","115,1938715"
Tempat parkir,"Jl. Sari Dana. I No.20, Ubung Kaja, Kec. Denpasar Utara, Kota Denpasar, Bali 80116",,parkiran,,"-8,6264057","115,1926116"
Parkir belakang,"denpasar ...........000000, Rumah Sakit Sanglah, Dauh Puri Klod, Kec. Denpasar Bar., Kota Denpasar, Bali 80114",,parkiran,,"-8,676019","115,213249"
Parkiran Pantai Sanur,"Jl. Duyung No.160, Sanur, Denpasar Selatan, Kota Denpasar, Bali",,parkiran,,"-8,7038285","115,2640905"
Parkiran Mobil Wahid Hasyim,"Jl. K.H. Wahid Hasyim No.150 2, RT.2/RW.10, Kp. Bali, Kecamatan Tanah Abang, Kota Jakarta Pusat, Daerah Khusus Ibukota Jakarta 10250",,parkiran,,"-6,1866615","106,8215964"
Parkiran Stasiun Tanah Abang,"Jl. Jati Baru I No.8A, RT.11/RW.4, Kp. Bali, Kecamatan Tanah Abang, Kota Jakarta Pusat, Daerah Khusus Ibukota Jakarta 10250",,parkiran,,"-6,1841787","106,8126711"
Parkiran AURI Psr Tanah Abang,"Ruko Auri Tanah Abang Bukit C17-18 Jl. KH, Jl. H. Fachrudin No.36, Kp. Bali, Kecamatan Tanah Abang, Kota Jakarta Pusat, Daerah Khusus Ibukota Jakarta 10250",,parkiran,,"-6,1862111","106,8144275"
Parkiran Parmin,"RR87+Q98, RT.7/RW.3, Kp. Bali, Kecamatan Tanah Abang, Kota Jakarta Pusat, Daerah Khusus Ibukota Jakarta 10250",,parkiran,,"-6,1830879","106,8134414"
Penitipan motor bang boy,"Jl. Kp. Bali XV No.47 5, RT.5/RW.10, Kp. Bali, Kecamatan Tanah Abang, Kota Jakarta Pusat, Daerah Khusus Ibukota Jakarta 10250",,parkiran,,"-6,1853744","106,8212792"
PARKIR MOTOR,"RR86+FVJ, Jl. Jati Baru Raya, RT.9/RW.3, Kp. Bali, Kecamatan Tanah Abang, Kota Jakarta Pusat, Daerah Khusus Ibukota Jakarta 10250",,parkiran,,"-6,1837798","106,8121353"
Parkiran ekspedisi,"Jl. Jati Baru Raya No.12 6, RT.6/RW.3, Kp. Bali, Kecamatan Tanah Abang, Kota Jakarta Pusat, Daerah Khusus Ibukota Jakarta 10250",,parkiran,,"-6,1830649","106,8132218"
Parkiran Motor SMA (Jalak),"G5GF+922, Karangasem, Kec. Terisi, Kabupaten Indramayu, Jawa Barat 45262",,parkiran,,"-6,4743461","108,1721729"
Parkir CV. Kaliraya,"G5J5+3V6, Jl. Raya Jangga - Terisi, Karangasem, Kec. Terisi, Kabupaten Indramayu, Jawa Barat 45262",,parkiran,,"-6,4698264","108,1596521"
Parkiran ki uban,"Jl. Bali No.9, Mekarwangi, Kec. Cikarang Bar., Kabupaten Bekasi, Jawa Barat 17530",,parkiran,,"-6,3077438","107,0771749"
Parkiran PPAQ City,"8MW8+G4V, Jl. Sawo, Karangasem, Karangsari, Kec. Kebumen, Kabupaten Kebumen, Jawa Tengah 54317",,parkiran,,"-7,6536413","109,6652924"
Parkir,"Jl. Mertajaya No.20, Pemecutan, Kec. Denpasar Bar., Kota Denpasar, Bali 80111",,parkiran,,"-8,6544539","115,2024068"
Parkiran Om Slamet,"X97H+Q5X, Karangasem, Bantarbolang, Kec. Bantarbolang, Kabupaten Pemalang, Jawa Tengah 52352",,parkiran,,"-7,035276","109,3781508"
Parkiran Motor/Mobil,"X96G+66P, Karangasem, Bantarbolang, Kec. Bantarbolang, Kabupaten Pemalang, Jawa Tengah 52352",,parkiran,0815-6952-730,"-7,039418","109,375591"
Parkiran Moses,"Jl. Mulwo Barat No.30-62, Karangasem, Kec. Laweyan, Kota Surakarta, Jawa Tengah 57145",,parkiran,,"-7,5489279","110,7786937"
Parkiran Moses,"Jl. Mulwo Barat No.30, Karangasem, Kec. Laweyan, Kota Surakarta, Jawa Tengah 57145",,parkiran,,"-7,5488651","110,7787473"
Parkiran SHB,"MH27+67H, Dusun Karangasem, Karangandong, Kec. Driyorejo, Kabupaten Gresik, Jawa Timur 61175",,parkiran,,"-7,3494324","112,5632485"
Parking lot - Balangan Beach,"Jl. Pantai Balangan No.54, Jimbaran, Kec. Kuta Sel., Kabupaten Badung, Bali 80361",,parkiran,,"-8,7915405","115,1252654"
Parkiran makkuraga,"X7C2+QJR, Buleleng, Kec. Bungku Pesisir, Kabupaten Morowali, Sulawesi Tengah 94974",,parkiran,,"-3,0280121","122,2515028"
PARKIRAN SEPEDA MOTOR ALVIN,"QJ7C+45M, Jl. Denpasar, Tj. Gadang, Kec. Payakumbuh Bar., Kota Payakumbuh, Sumatera Barat 26223",,parkiran,,"-0,2371733","100,6204198"